<xml xmlns="http://www.w3.org/1999/xhtml">
  <tab name="Init" type="InitTab" active="true" scrollx="20.000000000000227" scrolly="20" scale="0.9">
    <block xmlns="https://developers.google.com/blockly/xml" type="initSettings" id="P,qv0e]Ye.0Oc+^CLrHH" x="-10" y="-10">
      <field name="LOAD_COMP_ASSETS">FALSE</field>
      <field name="FULLSCREEN">TRUE</field>
      <field name="BKG_TRANSPARENCY">TRUE</field>
      <field name="PRESERVE_DRAW_BUF">FALSE</field>
      <field name="FADE_ANNOTATIONS">TRUE</field>
    </block>
  </tab>
  <tab name="New Tab" type="CommonTab" active="false" scrollx="20.00000000000034" scrolly="20.000000000000227" scale="0.9">
    <block xmlns="https://developers.google.com/blockly/xml" type="show" id="L9y}eJF@b%xbbsVI{Ydz" x="210" y="30">
      <value name="VALUE">
        <shadow type="objectList" id="{i#xVIFOFOAXbLc8l?@w">
          <field name="FIELDNAME">&lt;none&gt;</field>
        </shadow>
        <block type="groupList" id=";UwQt9:Gp;|.h~r1^b{7">
          <field name="FIELDNAME">farmer_group</field>
        </block>
      </value>
      <next>
        <block type="hide" id="g$-Y0du8Wx{trI#zg-H~">
          <value name="VALUE">
            <shadow type="objectList" id="3.Y3;yBuK-bu2bS%M8B*">
              <field name="FIELDNAME">&lt;none&gt;</field>
            </shadow>
            <block type="groupList" id="W2+*36;e^yEW+|pE:?fE">
              <field name="FIELDNAME">indicator_group</field>
            </block>
          </value>
          <next>
            <block type="playAnimationAdv" id="6AsMmRfa;B?qG:w/:_bI">
              <mutation xmlns="http://www.w3.org/1999/xhtml" advplaybackoptions="true" enablewhenfinished="false"></mutation>
              <field name="REVERSED">FALSE</field>
              <field name="LOOP">LoopRepeat</field>
              <value name="VALUE">
                <shadow type="animationList" id="GiG2Z4{3b(7hXZ@jWn:G">
                  <field name="FIELDNAME">farmer_armature</field>
                </shadow>
              </value>
              <value name="FROM">
                <shadow type="math_number" id="_g)62PZ.wR=Eh7Cn!BN3">
                  <field name="NUM">1</field>
                </shadow>
              </value>
              <value name="TO">
                <shadow type="math_number" id="vk,}pAdIeqMAl*Z0tOQ!">
                  <field name="NUM">100</field>
                </shadow>
              </value>
              <value name="SPEED">
                <shadow type="math_number" id="U7x89kaO00V83xYd,[ty">
                  <field name="NUM">1</field>
                </shadow>
              </value>
            </block>
          </next>
        </block>
      </next>
    </block>
  </tab>
  <editorsettings viewport-x="1186.1999999999998" viewport-y="37" viewport-w="802.8" viewport-h="526" viewport-hidden="false" toolbox-library-mode="false" toolbox-minimized-mode="false"></editorsettings>
</xml>