<xml xmlns="http://www.w3.org/1999/xhtml">
  <tab name="Init" type="InitTab" active="false" scrollx="20.000000000000227" scrolly="9" scale="0.9">
    <block xmlns="https://developers.google.com/blockly/xml" type="initSettings" id="P,qv0e]Ye.0Oc+^CLrHH" x="-10" y="-10">
      <field name="LOAD_COMP_ASSETS">FALSE</field>
      <field name="FULLSCREEN">TRUE</field>
      <field name="BKG_TRANSPARENCY">TRUE</field>
      <field name="PRESERVE_DRAW_BUF">FALSE</field>
      <field name="FADE_ANNOTATIONS">TRUE</field>
    </block>
  </tab>
  <tab name="New Tab" type="CommonTab" active="false" scrollx="-120.67139654205062" scrolly="-23.89959362322935" scale="0.7966531207743134">
    <block xmlns="https://developers.google.com/blockly/xml" type="show" id="L9y}eJF@b%xbbsVI{Ydz" x="210" y="30">
      <value name="VALUE">
        <shadow type="objectList" id="{i#xVIFOFOAXbLc8l?@w">
          <field name="FIELDNAME">&lt;none&gt;</field>
        </shadow>
        <block type="groupList" id=";UwQt9:Gp;|.h~r1^b{7">
          <field name="FIELDNAME">farmer_group</field>
        </block>
      </value>
      <next>
        <block type="hide" id="g$-Y0du8Wx{trI#zg-H~">
          <value name="VALUE">
            <shadow type="objectList" id="3.Y3;yBuK-bu2bS%M8B*">
              <field name="FIELDNAME">&lt;none&gt;</field>
            </shadow>
            <block type="groupList" id="W2+*36;e^yEW+|pE:?fE">
              <field name="FIELDNAME">indicator_group</field>
            </block>
          </value>
          <next>
            <block type="playAnimationAdv" id="6AsMmRfa;B?qG:w/:_bI">
              <mutation xmlns="http://www.w3.org/1999/xhtml" advplaybackoptions="true" enablewhenfinished="false"></mutation>
              <field name="REVERSED">FALSE</field>
              <field name="LOOP">LoopRepeat</field>
              <value name="VALUE">
                <shadow type="animationList" id="GiG2Z4{3b(7hXZ@jWn:G">
                  <field name="FIELDNAME">farmer_armature</field>
                </shadow>
              </value>
              <value name="FROM">
                <shadow type="math_number" id="_g)62PZ.wR=Eh7Cn!BN3">
                  <field name="NUM">1</field>
                </shadow>
              </value>
              <value name="TO">
                <shadow type="math_number" id="vk,}pAdIeqMAl*Z0tOQ!">
                  <field name="NUM">100</field>
                </shadow>
              </value>
              <value name="SPEED">
                <shadow type="math_number" id="U7x89kaO00V83xYd,[ty">
                  <field name="NUM">1</field>
                </shadow>
              </value>
            </block>
          </next>
        </block>
      </next>
    </block>
    <block xmlns="https://developers.google.com/blockly/xml" type="whenClicked" id="%[3UXBL*Qb8Atp,.ahLa" inline="false" x="210" y="170">
      <mutation xmlns="http://www.w3.org/1999/xhtml" adveventoptions="false" enableifmissed="false"></mutation>
      <field name="X_RAY">FALSE</field>
      <field name="DOUBLE_CLICK">FALSE</field>
      <field name="LEFT_BUTTON">TRUE</field>
      <field name="MIDDLE_BUTTON">TRUE</field>
      <field name="RIGHT_BUTTON">TRUE</field>
      <value name="VALUE">
        <shadow type="objectList" id="k*c_ZWRZmybyDPJ3A~Si">
          <field name="FIELDNAME">farmer_mesh</field>
        </shadow>
      </value>
      <statement name="DO">
        <block type="playSound" id="#A,EaVkO0s$?ucGStaV$">
          <field name="LOOP">FALSE</field>
          <value name="VALUE">
            <block type="loadSoundAdv" id="^6kj)FUgN8R*Q80TcI2I">
              <field name="TYPE">SOUND</field>
              <value name="URL">
                <shadow type="text" id="(^W.w-s/*]BIa@aAf|9~">
                  <field name="TEXT">./sounds/hello.mp3</field>
                </shadow>
              </value>
            </block>
          </value>
          <next>
            <block type="stopAnimation" id="nPWk2g+[5;mkt#$h?C@N">
              <value name="VALUE">
                <shadow type="animationList" id="~AmMMvHHd9Lv(?Z0@|Q$">
                  <field name="FIELDNAME">farmer_armature</field>
                </shadow>
              </value>
              <next>
                <block type="playAnimationAdv" id="LB}!c.5KpvR=@FRdGMf`">
                  <mutation xmlns="http://www.w3.org/1999/xhtml" advplaybackoptions="true" enablewhenfinished="true"></mutation>
                  <field name="REVERSED">FALSE</field>
                  <field name="LOOP">LoopOnce</field>
                  <value name="VALUE">
                    <shadow type="animationList" id="xw0RA]+rly=,O0$0Aka_">
                      <field name="FIELDNAME">farmer_armature</field>
                    </shadow>
                  </value>
                  <value name="FROM">
                    <shadow type="math_number" id="?irAxlOYNknUWh,U$f+/">
                      <field name="NUM">101</field>
                    </shadow>
                  </value>
                  <value name="TO">
                    <shadow type="math_number" id="af`EzZrZpBkCiywm=!m:">
                      <field name="NUM">140</field>
                    </shadow>
                  </value>
                  <value name="SPEED">
                    <shadow type="math_number" id="(t2OE.$ymh]an?aP$|Ck">
                      <field name="NUM">1</field>
                    </shadow>
                  </value>
                  <statement name="DO">
                    <block type="playAnimationAdv" id="8R#7fFpBY:d,t:B~v!*_">
                      <mutation xmlns="http://www.w3.org/1999/xhtml" advplaybackoptions="true" enablewhenfinished="false"></mutation>
                      <field name="REVERSED">FALSE</field>
                      <field name="LOOP">LoopRepeat</field>
                      <value name="VALUE">
                        <shadow type="animationList" id="jgU;;9qTp.hS4k;ig45T">
                          <field name="FIELDNAME">farmer_armature</field>
                        </shadow>
                      </value>
                      <value name="FROM">
                        <shadow type="math_number" id="TApn0wH]Le7mHxL(kVKU">
                          <field name="NUM">1</field>
                        </shadow>
                      </value>
                      <value name="TO">
                        <shadow type="math_number" id="w9xce;yIFZw}18^JjJ|^">
                          <field name="NUM">100</field>
                        </shadow>
                      </value>
                      <value name="SPEED">
                        <shadow type="math_number" id="}r3Q~9XxC1iMv#*/A-+2">
                          <field name="NUM">1</field>
                        </shadow>
                      </value>
                    </block>
                  </statement>
                </block>
              </next>
            </block>
          </next>
        </block>
      </statement>
    </block>
    <block xmlns="https://developers.google.com/blockly/xml" type="setShadowParam" id="xgE)gYW)?F8Rv!N!iF4T" x="370" y="570">
      <field name="CAST_RECEIVE">CAST</field>
      <field name="DO_WHAT">ENABLE</field>
      <value name="TARGET">
        <shadow type="objectList" id="pp9hN{u~3FO/7YNo7/hz">
          <field name="FIELDNAME">farmer_mesh</field>
        </shadow>
      </value>
    </block>
  </tab>
  <tab name="AR" type="CommonTab" active="true" scrollx="-542.1717346191408" scrolly="16.800018310547102" scale="0.9">
    <variables xmlns="https://developers.google.com/blockly/xml">
      <variable id="X0B}uL:7jK(q`)dD`dzW">id</variable>
    </variables>
    <block xmlns="https://developers.google.com/blockly/xml" type="checkARMode" id="rN]NBdQ?vJZ/bDXta~C6" x="90" y="90">
      <statement name="DO_AVAIL">
        <block type="eventHTMLElem" id="ub*=SKON/6N@/TjRRM.-">
          <field name="EVENT">pointerup</field>
          <field name="PARENT">FALSE</field>
          <value name="ID">
            <shadow type="text" id="78X=RAj~]ex)7rgL0SKp">
              <field name="TEXT"></field>
            </shadow>
            <block type="text" id="H`n{n6q%*vy=1*(J|j}K">
              <field name="TEXT">enter_AR_button</field>
            </block>
          </value>
          <statement name="DO">
            <block type="enterARMode" id="Vau94)^G*K`vkecL7*XE">
              <field name="REF_SPACE">ORIGIN</field>
              <field name="ALLOW_HTML">FALSE</field>
              <statement name="DO_ENTER">
                <block type="hide" id="1-D?sB;SJcqf2CsmuN4d">
                  <value name="VALUE">
                    <shadow type="objectList" id="XsVNc_.oT!x04^WP4trj">
                      <field name="FIELDNAME">&lt;none&gt;</field>
                    </shadow>
                    <block type="groupList" id="FTM/l%{[Pp@_c74cY6mJ">
                      <field name="FIELDNAME">farmer_group</field>
                    </block>
                  </value>
                  <next>
                    <block type="show" id="k-b5X`QYwqqfPf_LnVpd">
                      <value name="VALUE">
                        <shadow type="objectList" id="@jMDv7U(P~3MVk$P2@-*">
                          <field name="FIELDNAME">prompt_move_around</field>
                        </shadow>
                      </value>
                      <next>
                        <block type="arHitTest" id="uX`%N-kLJ^=0eer.T7i`">
                          <value name="SMOOTH">
                            <shadow type="math_number" id="l4R4VRO7ZMq4|R8QAYHn">
                              <field name="NUM">0.7</field>
                            </shadow>
                          </value>
                          <statement name="DO_HIT">
                            <block type="show" id="Ow9D;@nzdz7/nB+]2mu~">
                              <value name="VALUE">
                                <shadow type="objectList" id="=D:}*%)Az.EA3$R%*l|;">
                                  <field name="FIELDNAME">&lt;none&gt;</field>
                                </shadow>
                                <block type="groupList" id="9rzDToQAaV:vBsi0:Wva">
                                  <field name="FIELDNAME">indicator_group</field>
                                </block>
                              </value>
                              <next>
                                <block type="hide" id="JxZ9NUpCZ@co=P[M;*87">
                                  <value name="VALUE">
                                    <shadow type="objectList" id="9!`$pX6-laLBLEwTNU{.">
                                      <field name="FIELDNAME">prompt_move_around</field>
                                    </shadow>
                                  </value>
                                  <next>
                                    <block type="setObjTransform" id="Pkpd=~YWqQR-%W$ue*hO">
                                      <mutation xmlns="http://www.w3.org/1999/xhtml" usevectorslot="false" useworldspace="false"></mutation>
                                      <field name="MODE">position</field>
                                      <field name="OFFSET">FALSE</field>
                                      <value name="TARGETOBJ">
                                        <shadow type="objectList" id="8SppRQ#x}dKoi_lXhF*c">
                                          <field name="FIELDNAME">indicator_invis_plane</field>
                                        </shadow>
                                      </value>
                                      <value name="X">
                                        <block type="arHitPoint" id="#K|2+Hu+mg=%op?n_09I">
                                          <field name="COORD">x</field>
                                        </block>
                                      </value>
                                      <value name="Y">
                                        <block type="arHitPoint" id="ufbqHg~^npVQnSnj=X@a">
                                          <field name="COORD">y</field>
                                        </block>
                                      </value>
                                      <value name="Z">
                                        <block type="arHitPoint" id="q5|4no4m|rqwR#:g:+S*">
                                          <field name="COORD">z</field>
                                        </block>
                                      </value>
                                    </block>
                                  </next>
                                </block>
                              </next>
                            </block>
                          </statement>
                          <statement name="DO_MISS">
                            <block type="hide" id="3[#q)i2B(276Kp9AGN.?">
                              <value name="VALUE">
                                <shadow type="objectList" id="Jt_[sH42EUpr^RMRWM|.">
                                  <field name="FIELDNAME">&lt;none&gt;</field>
                                </shadow>
                                <block type="groupList" id="cSe@ZEDI_Tro/:eCv{)w">
                                  <field name="FIELDNAME">indicator_group</field>
                                </block>
                              </value>
                            </block>
                          </statement>
                          <next>
                            <block type="setHTMLElemStyle" id="{1~Fv2+CK=C)]rN,N)M=">
                              <field name="PROPERTY">display</field>
                              <field name="PARENT">FALSE</field>
                              <value name="VALUE">
                                <block type="text" id="0QGm?$5|Y#{;U$a(;;*`">
                                  <field name="TEXT">none</field>
                                </block>
                              </value>
                              <value name="ID">
                                <shadow type="text" id="?zhBlDoN!KanZ~5[Nyl:">
                                  <field name="TEXT"></field>
                                </shadow>
                                <block type="text" id="`!^t.crkPt0.J7FwT]31">
                                  <field name="TEXT">enter_AR_button</field>
                                </block>
                              </value>
                            </block>
                          </next>
                        </block>
                      </next>
                    </block>
                  </next>
                </block>
              </statement>
            </block>
          </statement>
        </block>
      </statement>
    </block>
    <block xmlns="https://developers.google.com/blockly/xml" type="whenClicked" id="bl{b0JA))~ZFNl]XoA$+" inline="false" x="790" y="530">
      <mutation xmlns="http://www.w3.org/1999/xhtml" adveventoptions="false" enableifmissed="false"></mutation>
      <field name="X_RAY">FALSE</field>
      <field name="DOUBLE_CLICK">FALSE</field>
      <field name="LEFT_BUTTON">TRUE</field>
      <field name="MIDDLE_BUTTON">TRUE</field>
      <field name="RIGHT_BUTTON">TRUE</field>
      <value name="VALUE">
        <shadow type="objectList" id="t4PzU!7;2-@X#zX@fC=j">
          <field name="FIELDNAME">indicator_invis_plane</field>
        </shadow>
      </value>
      <statement name="DO">
        <block type="show" id="%R53B+I:[M2-HRuEce!%">
          <value name="VALUE">
            <shadow type="objectList" id="i]3_ZA1vqwc-Bj]##1q_">
              <field name="FIELDNAME">&lt;none&gt;</field>
            </shadow>
            <block type="groupList" id="A.43n-5$G]|ANX]L-2|=">
              <field name="FIELDNAME">farmer_group</field>
            </block>
          </value>
          <next>
            <block type="setObjTransform" id="[9lq/m0j9lD`DsY{N}{5">
              <mutation xmlns="http://www.w3.org/1999/xhtml" usevectorslot="false" useworldspace="false"></mutation>
              <field name="MODE">position</field>
              <field name="OFFSET">FALSE</field>
              <value name="TARGETOBJ">
                <shadow type="objectList" id="W~U-`3Ar[:h,!2Q}8j($">
                  <field name="FIELDNAME">farmer_armature</field>
                </shadow>
              </value>
              <value name="X">
                <block type="arHitPoint" id=".22S#qdumk=KZDdg84nG">
                  <field name="COORD">x</field>
                </block>
              </value>
              <value name="Y">
                <block type="arHitPoint" id="d|=%IQ7j1|y90/NBp=3V">
                  <field name="COORD">y</field>
                </block>
              </value>
              <value name="Z">
                <block type="arHitPoint" id="VQO)H`;tIGn#]WjxG?VZ">
                  <field name="COORD">z</field>
                </block>
              </value>
              <next>
                <block type="setObjDirection" id="=:BU$?qe@khzf;~UgiK/">
                  <mutation xmlns="http://www.w3.org/1999/xhtml" usevectorslot="true"></mutation>
                  <field name="POINT">TRUE</field>
                  <field name="LOCK_UP">TRUE</field>
                  <value name="TARGETOBJ">
                    <shadow type="objectList" id="?X8b?t4Wy]`g|E=ZQFQG">
                      <field name="FIELDNAME">farmer_armature</field>
                    </shadow>
                  </value>
                  <value name="USE_VECTOR">
                    <block type="getObjTransform" id="B@Un/v;nH;5KVbm,th/a">
                      <mutation xmlns="http://www.w3.org/1999/xhtml" useworldspace="false"></mutation>
                      <field name="MODE">position</field>
                      <field name="COORD">xyz</field>
                      <value name="TARGETOBJ">
                        <shadow type="objectList" id="hT99S848C-OGy)o%9Lez">
                          <field name="FIELDNAME">Camera</field>
                        </shadow>
                      </value>
                    </block>
                  </value>
                </block>
              </next>
            </block>
          </next>
        </block>
      </statement>
    </block>
    <block xmlns="https://developers.google.com/blockly/xml" type="procedures_defnoreturn" id="}eJG/f27D,dIEzH:JdmB" x="870" y="750">
      <mutation>
        <arg name="id" varid="X0B}uL:7jK(q`)dD`dzW"></arg>
      </mutation>
      <field name="NAME">show warning</field>
      <comment pinned="false" h="80" w="160">Describe this function...</comment>
      <statement name="STACK">
        <block type="setHTMLElemStyle" id="sS:$V:dpwYE^cx8^OMU#">
          <field name="PROPERTY">display</field>
          <field name="PARENT">FALSE</field>
          <value name="VALUE">
            <block type="text" id="gfOd{BeEJMQBEo6cBvID">
              <field name="TEXT">block</field>
            </block>
          </value>
          <value name="ID">
            <shadow type="text" id="R|)^vGh7X#3U*~C0fH:2">
              <field name="TEXT">warning_message_div</field>
            </shadow>
            <block type="text" id="X!!Q%,LaNOY^m=}DiMAN">
              <field name="TEXT">warning_message_div</field>
            </block>
          </value>
          <next>
            <block type="setHTMLElemStyle" id="GEW.aBPBl,/:rsM/xA8*">
              <field name="PROPERTY">display</field>
              <field name="PARENT">FALSE</field>
              <value name="VALUE">
                <block type="text" id="KkiCI3))_(;Lyi]E9a2t">
                  <field name="TEXT">block</field>
                </block>
              </value>
              <value name="ID">
                <shadow type="text" id="KV%EV2G}=Xu85e~FCRTh">
                  <field name="TEXT">warning_message_div</field>
                </shadow>
                <block type="variables_get" id="aC@d.$%*FCchCXk*$Ws=">
                  <field name="VAR" id="X0B}uL:7jK(q`)dD`dzW">id</field>
                </block>
              </value>
              <next>
                <block type="setTimeout" id="$Vx.nz~jzg[{t|![p,h+">
                  <value name="VALUE">
                    <shadow type="math_number" id="|~ZRVOXwYNv}2wlpg8vA">
                      <field name="NUM">4</field>
                    </shadow>
                  </value>
                  <statement name="DO">
                    <block type="setHTMLElemStyle" id="hv-ju.b^jI*,pMbM77E-">
                      <field name="PROPERTY">display</field>
                      <field name="PARENT">FALSE</field>
                      <value name="VALUE">
                        <block type="text" id="J:#DeRTzD9#LZlRuf8-g">
                          <field name="TEXT">none</field>
                        </block>
                      </value>
                      <value name="ID">
                        <shadow type="text" id="R|)^vGh7X#3U*~C0fH:2">
                          <field name="TEXT">warning_message_div</field>
                        </shadow>
                        <block type="text" id="PsX.^Z!aIw_JCk2`ooy?">
                          <field name="TEXT">warning_message_div</field>
                        </block>
                      </value>
                      <next>
                        <block type="setHTMLElemStyle" id="IBUJYA~][_+@1I/8Li4L">
                          <field name="PROPERTY">display</field>
                          <field name="PARENT">FALSE</field>
                          <value name="VALUE">
                            <block type="text" id="AA#rvNK`4}Ne*+$c~khb">
                              <field name="TEXT">none</field>
                            </block>
                          </value>
                          <value name="ID">
                            <shadow type="text" id="KV%EV2G}=Xu85e~FCRTh">
                              <field name="TEXT">warning_message_div</field>
                            </shadow>
                            <block type="variables_get" id="FoDL`V}YTbuGv(5IuLI9">
                              <field name="VAR" id="X0B}uL:7jK(q`)dD`dzW">id</field>
                            </block>
                          </value>
                        </block>
                      </next>
                    </block>
                  </statement>
                </block>
              </next>
            </block>
          </next>
        </block>
      </statement>
    </block>
  </tab>
  <editorsettings viewport-x="1239.0000488281248" viewport-y="417.8000183105469" viewport-w="746.8" viewport-h="526" viewport-hidden="false" toolbox-library-mode="false" toolbox-minimized-mode="false"></editorsettings>
</xml>